{
  "seed": 1337,
  "episodes": 300,
  "N": 5,
  "K": 5,
  "Q": 10,
  "metrics": {
    "cosine": {
      "top1_mean": 0.21666665375232697,
      "top1_std": 0.13412265559720435,
      "top3_mean": 0.5173333034912745,
      "top3_std": 0.20808544243367666
    },
    "euclidean": {
      "top1_mean": 0.24733331859111785,
      "top1_std": 0.1297159212139369,
      "top3_mean": 0.5313333030541738,
      "top3_std": 0.21958646993333217
    }
  },
  "runtime_sec": 22.7
}